{"avg_train_loss": 0.4659, "_timestamp": 1700221338.9564462, "_runtime": 56.137967109680176, "_step": 113, "_wandb": {"runtime": 55}}