{"avg_train_loss": 6.3104, "_timestamp": 1700219673.9261858, "_runtime": 7.977281808853149, "_step": 4, "_wandb": {"runtime": 7}}