{"avg_train_loss": 3.3134, "_timestamp": 1700290439.8697321, "_runtime": 10.066609144210815, "_step": 14, "_wandb": {"runtime": 9}}