{"avg_train_loss": 4.6785, "_timestamp": 1700218838.943443, "_runtime": 9.141721963882446, "_step": 6, "_wandb": {"runtime": 8}}