{"avg_train_loss": 0.5308, "_timestamp": 1700221649.4671547, "_runtime": 91.02992463111877, "_step": 194, "_wandb": {"runtime": 90}}