{"avg_train_loss": 0.1631, "_timestamp": 1700220802.9523876, "_runtime": 135.71496868133545, "_step": 265, "_wandb": {"runtime": 135}}