{"avg_train_loss": 1.3895, "_timestamp": 1700219987.9378424, "_runtime": 24.458414316177368, "_step": 37, "_wandb": {"runtime": 23}}