{"avg_train_loss": 6.2143, "_timestamp": 1700219156.6383193, "_runtime": 5.919863224029541, "_step": 0, "_wandb": {"runtime": 5}}