{"avg_train_loss": 5.0775, "_timestamp": 1700219783.329268, "_runtime": 8.772909879684448, "_step": 5, "_wandb": {"runtime": 8}}