{"avg_train_loss": 8.066, "_timestamp": 1700219261.9180808, "_runtime": 15.09996485710144, "_step": 18, "_wandb": {"runtime": 14}}