{"avg_train_loss": 3.7016, "_timestamp": 1700218612.2961934, "_runtime": 6.056081295013428, "_step": 0, "_wandb": {"runtime": 5}}