{"avg_train_loss": 0.3984, "_timestamp": 1700290657.3928945, "_runtime": 61.22149658203125, "_step": 161, "_wandb": {"runtime": 60}}