{"avg_train_loss": 0.4533, "_timestamp": 1700279745.3529298, "_runtime": 97.81849694252014, "_step": 261, "_wandb": {"runtime": 97}}