{"avg_train_loss": 3.2543, "_timestamp": 1700218702.2814298, "_runtime": 13.601229667663574, "_step": 15, "_wandb": {"runtime": 13}}