{"avg_train_loss": 0.5619, "_timestamp": 1700220336.2339501, "_runtime": 135.92755007743835, "_step": 266, "_wandb": {"runtime": 135}}