{"avg_train_loss": 0.6252, "_timestamp": 1700280203.5123131, "_runtime": 165.78629302978516, "_step": 454, "_wandb": {"runtime": 170}}